{"current": {"total_login_hours": 7080.0, "login_h_per_car_per_day": 5.213549337260678, "unique_active_vehicles": 194, "fleet_utilisation_pct": 40.48638465490666, "jobs_per_online_hour": 0.4062146892655367, "no_supply_cancels": 8, "no_supply_pct_of_cancel": 1.574803149606299, "avg_time_to_pickup_min": 8.777693474962064, "median_time_to_pickup_min": 8.0, "asap_done_jobs": 1318, "fulfilment_rate_pct": 84.98817966903073, "request_to_paid_pct": 84.98817966903073, "done_jobs": 2876, "cancelled_jobs": 508, "total_bookings": 3384, "total_price": 384857.05, "driver_price": 243758.29, "gross_commission": 141098.75999999998, "monthly_run_rate": 613074.1121999999}, "previous": {"total_login_hours": 6373.0, "login_h_per_car_per_day": 5.057936507936509, "unique_active_vehicles": 180, "fleet_utilisation_pct": 42.04073934364391, "jobs_per_online_hour": 0.4299388043307704, "no_supply_cancels": 19, "no_supply_pct_of_cancel": 2.785923753665689, "avg_time_to_pickup_min": 8.725265739983646, "median_time_to_pickup_min": 8.0, "asap_done_jobs": 1223, "fulfilment_rate_pct": 80.07013442431327, "request_to_paid_pct": 80.07013442431327, "done_jobs": 2740, "cancelled_jobs": 682, "total_bookings": 3422, "total_price": 359204.93, "driver_price": 229095.76, "gross_commission": 130109.16999999998, "monthly_run_rate": 565324.3436499999}}